id;uuid;questionnaire_uuid;question_group_uuid;jhi_order
1;Industrial;connect Markets Chief;capacitor archive;57044
2;Aruba;software scale interactive;Louisiana Specialist Home Loan Account;27599
3;scalable;Small;deliverables reinvent 24 hour;1407
4;magenta monitor 1080p;Unbranded Plastic Tuna Frozen;generating Highway Ergonomic;37081
5;Lempira;pixel withdrawal;Mississippi embrace Developer;84891
6;hard drive Robust Networked;Poland;Small partnerships;20171
7;Dynamic;knowledge base Buckinghamshire;Concrete Investment Account Saint Lucia;20306
8;Brand;neutral Salad;Auto Loan Account modular Refined;45653
9;mint green e-business EXE;back-end;granular Direct contextually-based;64769
10;Jewelery cutting-edge;Games;Iraq Bedfordshire;69243
