id;identifier;type;jhi_order;text;variable_name;minimum;maximum;hint;hint_text;question_group_id
1;CONSENT_DATA_UOM;DROPDOWN_NUMBER;5808;FTP Savings Account;deposit Tasty Metal Bacon Implementation;77;18182;Soap methodology Albania;Home Namibia;1
2;CONSENT_BY_LETTER;DROPDOWN_NUMBER;61838;syndicate;Mississippi Refined Rubber Chicken Table;6505;1326;Usability South Dakota envisioneer;Intelligent;2
3;CONSENT_DATA_TRUST;NUMBER_HEIGHT;66252;hardware Costa Rica Mayotte;Industrial;84228;77513;Markets Chief;capacitor archive;3
4;FAMILY_BREAST_AFFECTED;NUMBER_HEIGHT;58675;Specialist Home Loan Account;Plastic;80219;16526;Industrial;index orange;4
5;FAMILY_AFFECTED_HALFSISTER_MOTHERS_AGE;DROPDOWN_NUMBER;72900;quantify Unbranded Plastic Tuna Frozen;generating Highway Ergonomic;37081;31098;moratorium pixel withdrawal;Mississippi embrace Developer;5
6;CONSENT_TAKE_PART;NUMBER_WEIGHT;43933;red;withdrawal knowledge base Buckinghamshire;90756;13933;Investment Account;override User-centric;6
7;SELF_PREMENOPAUSAL;NUMBER_UNKNOWN;63340;RSS;mint green e-business EXE;32434;80744;National;Direct;7
8;CONSENT_FUTURE_RESEARCH;DROPDOWN_NUMBER;30478;Hat;supply-chains magenta;11986;26941;User-centric Gloves;Mauritania;8
10;SELF_HEIGHT;TICKBOX_CONSENT;97661;paradigms Home;Investor Public-key;14489;53093;Way Dominican Republic;Bulgarian Lev navigate;10
