id;uuid;label;descriptor
1;Chips;Villages uniform PCI;Automotive Tactics architectures
2;Wisconsin Facilitator Incredible;reinvent;eco-centric Bedfordshire mesh
3;Configuration UIC-Franc;Ergonomic Concrete Soap Zambian Kwacha;Concrete Bedfordshire
4;portal calculating Metal;real-time discrete redundant;Synergistic Personal Loan Account Sleek
5;Borders;olive Handcrafted Cotton Bacon Unbranded Fresh Pants;incubate
6;interfaces;Garden Dale Wallis and Futuna;generating
7;Computers Small Fresh Gloves back-end;interface;compress lavender Investment Account
8;backing up;Iran;Philippine Peso Metal
9;Strategist;card Licensed Cotton Ball;mindshare Gorgeous
